variable,count,mean,std,min,25%,50%,75%,max,original
dummy1,1000.0,-0.00023774724769657374,0.010461160498442085,-0.0357665265576727,-0.007428694625142225,-0.0005401827234243,0.0073691931442927,0.0377150040523748,-0.0070023758807913
dummy2,1000.0,-0.0005022543940938373,0.011140938896682743,-0.0322286370354012,-0.007971502750848401,-0.0006251098021223501,0.006960329039395175,0.0385806603925544,0.0063375363660895
x1,1000.0,0.060577866162275756,3.0286757959375414,-8.821342842100963,-1.8879945249901309,0.1273876746421351,2.1520563277787175,28.204568378596555,28.204568378596555
x2,1000.0,0.5547264483986439,7.623137349347507,-19.20699218378505,-4.877143316812051,0.6568601230692579,5.601064001276647,75.05074875192348,75.05074875192348
x3,1000.0,-0.05042399024844184,1.8629148033032796,-5.84444590249506,-1.2626618239442655,-0.0186124486706953,1.1445826716840735,17.75547066369127,17.75547066369127
